{"__author": "anonymioo", "version": 3, "type": 0, "name": "anonymioo_ribbon_bisexualpride", "img_sit": "anonymioo_ribbon_bisexualpride", "pose_map": {"default": "0", "l_default": "5"}, "rec_layer": 3, "acs_type": "ribbon", "stay_on_start": true, "dlg_desc": "粉紫霓虹丝带", "dlg_plural": false, "ex_props": {"bisexualpride": true, "ribbon-multicolor": true}, "select_info": {"display_name": "丝带 (粉紫霓虹)", "thumb": "anonymioo_ribbon_bisexualpride", "group": "ribbon"}, "giftname": "bisexualpridethemedribbon"}