{"__author": "anonymioo", "version": 3, "type": 0, "name": "anonymioo_ribbon_polkadots_whiteonred", "img_sit": "anonymioo_ribbon_polkadots_whiteonred", "pose_map": {"default": "0", "l_default": "5"}, "rec_layer": 3, "acs_type": "ribbon", "stay_on_start": true, "dlg_desc": "糖霜红丝绒丝带", "dlg_plural": false, "ex_props": {"ribbon-multicolor": true, "polkadots": true}, "select_info": {"display_name": "丝带 (糖霜红丝绒)", "thumb": "anonymioo_ribbon_polkadots_whiteonred", "group": "ribbon", "select_dlg": ["可爱的斑点!"]}, "giftname": "whiteonredpolkadotribbon"}