{"__author": "anonymioo", "version": 3, "type": 0, "name": "anonymioo_ribbon_blackandwhite", "img_sit": "anonymioo_ribbon_blackandwhite", "pose_map": {"default": "0", "l_default": "5"}, "rec_layer": 3, "acs_type": "ribbon", "stay_on_start": true, "dlg_desc": "黑白丝带", "dlg_plural": false, "ex_props": {"ribbon-multicolor": true}, "select_info": {"display_name": "丝带 (光与暗)", "thumb": "anonymioo_ribbon_blackandwhite", "group": "ribbon", "select_dlg": ["阴极与阳极..."]}, "giftname": "blackandwhiteribbon"}