{"__author": "anonymioo", "version": 3, "type": 0, "name": "anonymioo_ribbon_gradient_rainbow", "img_sit": "anonymioo_ribbon_gradient_rainbow", "pose_map": {"default": "0", "l_default": "5"}, "rec_layer": 3, "acs_type": "ribbon", "stay_on_start": true, "dlg_desc": "彩虹丝带", "dlg_plural": false, "ex_props": {"ribbon-multicolor": true, "gradient": true, "rainbow": true}, "select_info": {"display_name": "丝带 (渐变虹彩)", "thumb": "anonymioo_ribbon_gradient_rainbow", "group": "ribbon", "select_dlg": ["灵动的色彩!"]}, "giftname": "rainbowgradientribbon"}