{"__author": "anonymioo", "version": 3, "type": 0, "name": "anonymioo_ribbon_gradient", "img_sit": "anonymioo_ribbon_gradient", "pose_map": {"default": "0", "l_default": "5"}, "rec_layer": 3, "acs_type": "ribbon", "stay_on_start": true, "dlg_desc": "彩色丝带", "dlg_plural": false, "ex_props": {"ribbon-multicolor": true, "gradient": true}, "select_info": {"display_name": "丝带 (渐变层)", "thumb": "anonymioo_ribbon_gradient", "group": "ribbon", "select_dlg": ["经典与转变!"]}, "giftname": "gradientribbon"}