{"__author": "anonymioo", "version": 3, "type": 0, "name": "anonymioo_ribbon_striped_pinkandwhite", "img_sit": "anonymioo_ribbon_striped_pinkandwhite", "pose_map": {"default": "0", "l_default": "5"}, "rec_layer": 3, "acs_type": "ribbon", "stay_on_start": true, "dlg_desc": "蜜桃奶糖丝带", "dlg_plural": false, "ex_props": {"ribbon-multicolor": true, "striped": true}, "select_info": {"display_name": "丝带 (蜜桃奶糖)", "thumb": "anonymioo_ribbon_striped_pinkandwhite", "group": "ribbon", "select_dlg": ["久等夏日的到来..."]}, "giftname": "pinkandwhitestripedribbon"}