{"__author": "briaryoung", "version": 3, "type": 0, "name": "briaryoung_mini_ribbon_royal_blue", "img_sit": "briaryoung_mini_ribbon_royal_blue", "pose_map": {"default": "0", "l_default": "5"}, "rec_layer": 3, "acs_type": "mini-ribbon", "stay_on_start": true, "dlg_desc": "宝石蓝丝带", "dlg_plural": false, "select_info": {"display_name": "小丝带 (宝石蓝)", "thumb": "briaryoung_mini_ribbon_royal_blue", "group": "ribbon", "select_dlg": ["蓝色总是不错的选择!"]}, "giftname": "miniroyalblueribbon"}