{"__author": "briaryoung", "version": 3, "type": 2, "name": "briaryoung_sleeveless_turtleneck_black", "img_sit": "briaryoung_sleeveless_turtleneck_black", "pose_map": {"mpm_type": 0, "default": true, "use_reg_for_l": true}, "stay_on_start": true, "ex_props": {"compat-downtiedstrand": true}, "select_info": {"display_name": "无袖套衫 (黑色)", "thumb": "briaryoung_sleeveless_turtleneck_black", "group": "clothes", "select_dlg": ["我喜欢这个!"]}, "giftname": "sleevelessturtleneckblack", "pose_arms": {}}