{
    "__author": "Briar Young",
    "version": 3,
    "type": 0,
    "name": "briaryoung_choker_silk_white",
    "img_sit": "briaryoung_choker_silk_white",
    "pose_map": {
        "default": "0",
        "l_default": "5"
    },
    "rec_layer": 8,
    "acs_type": "choker",
    "stay_on_start": true,
    "priority": 8,
    "dlg_desc": "choker",
    "dlg_plural": false,
    "select_info": {
        "display_name": "项圈(白色丝绸黑扣)",
        "thumb": "briaryoung_choker_silk_white",
        "group": "choker"
    },
    "giftname": "chokersilkwhite",
    "arm_split": {
        "default": "0",
        "use_reg_for_l": true
    }
}
