{
    "__author": "Briar Young",
    "version": 3,
    "type": 2,
    "name": "briaryoung_dress_dark_blue_sparkle",
    "img_sit": "briaryoung_dress_dark_blue_sparkle",
    "pose_map": {
        "mpm_type": 0,
        "default": true,
        "use_reg_for_l": true
    },
    "stay_on_start": true,
    "ex_props": {
        "bikini": true,
        "bare-shoulders": true
    },
    "select_info": {
        "display_name": "深蓝色的闪光长裙",
        "thumb": "briaryoung_dress_dark_blue_sparkle",
        "group": "clothes",
        "select_dlg": [
            "就像夜空一般闪闪发光~",
            "这件衣服看起来超棒的！"
        ]
    },
    "giftname": "dressdarkbluesparkle",
    "pose_arms": {}
}
