{"__author": "JMO", "version": 3, "type": 0, "name": "jmo_hairclip_cherry", "img_sit": "jmo_hairclip_cherry", "pose_map": {"default": "0", "l_default": "5"}, "rec_layer": 5, "acs_type": "left-hair-clip", "mux_type": ["left-hair-clip"], "stay_on_start": true, "ex_props": {"left-hair-strand-eye-level": true}, "select_info": {"display_name": "发卡 (樱桃)", "thumb": "jmo_hairclip_cherry", "group": "left-hair-clip", "hover_dlg": ["你听说过樱桃之吻吗, [player]?~"], "select_dlg": ["我喜欢这个发卡.", "这个发卡很可爱!", "可爱!"]}, "giftname": "cherryhairclip"}