{"__author": "LanvalLime", "version": 3, "type": 0, "name": "lanvallime_ribbon_sky_blue", "img_sit": "lanvallime_ribbon_sky_blue", "pose_map": {"default": "0", "l_default": "5"}, "rec_layer": 3, "acs_type": "ribbon", "mux_type": ["ribbon"], "stay_on_start": true, "select_info": {"display_name": "丝带 (天蓝色)", "thumb": "lanvallime_ribbon_sky_blue", "group": "ribbon", "hover_dlg": ["你经常仰望苍穹吗?", "你曾经凝视云朵吗?"], "select_dlg": ["你总让我感觉身处云端, [player]."]}, "giftname": "skyblueribbon"}