{"__author": "multimokia", "version": 3, "type": 0, "name": "multimokia_bow_black", "img_sit": "multimokia_bow_black", "pose_map": {"default": "0", "l_default": "5"}, "rec_layer": 3, "acs_type": "bow", "mux_type": ["ribbon", "bow"], "stay_on_start": true, "giftname": "blackbow", "ex_props": {"ribbon-like": true}, "dlg_desc": "黑色蝴蝶结", "dlg_plural": false, "select_info": {"display_name": "蝴蝶结 (黑色)", "thumb": "multimokia_bow_black", "group": "ribbon", "select_dlg": ["不错的选择, [player]!", "很正式!", "我们这是要去什么特别的地方了吗?"]}}