{
    "__author": "retroadamshow",
    "version": 3,
    "type": 0,
    "name": "retro_ribbon_amdek_amber",
    "img_sit": "retro_ribbon_amdek_amber",
    "pose_map": {
        "default": "0",
        "l_default": "5"
    },
    "rec_layer": 3,
    "acs_type": "ribbon",
    "stay_on_start": true,
    "giftname": "amdekamberribbon",
    "dlg_desc": "Amdek-style amber ribbon",
    "dlg_plural": false,
    "select_info": {
        "display_name": "发带(琥珀色)",
        "thumb": "retro_ribbon_amdek_amber",
        "group": "ribbon",
        "select_dlg": [
            "好复古的颜色啊！"
        ]
    }
}
