{"__author": "Sirnimblybottoms", "version": 3, "type": 0, "name": "sirnimblybottoms_heart_choker", "img_sit": "sirnimblybottoms_heart_choker", "pose_map": {"default": "0", "l_default": "5"}, "rec_layer": 8, "acs_type": "choker", "stay_on_start": true, "priority": 8, "dlg_desc": "项链", "dlg_plural": false, "select_info": {"display_name": "爱心项链", "thumb": "sirnimblybottoms_heart_choker", "group": "choker", "select_dlg": ["奥，心形的设计也太可爱了吧~"]}, "giftname": "heartchoker", "arm_split": {"default": "0", "use_reg_for_l": true}}