{"__author": "anonymioo", "version": 3, "type": 0, "name": "anonymioo_ribbon_gradient_lowpoly", "img_sit": "anonymioo_ribbon_gradient_lowpoly", "pose_map": {"default": "0", "l_default": "5"}, "rec_layer": 3, "acs_type": "ribbon", "stay_on_start": true, "dlg_desc": "彩色丝带", "dlg_plural": false, "ex_props": {"ribbon-multicolor": true, "gradient": true}, "select_info": {"display_name": "丝带 (隐性渐变)", "thumb": "anonymioo_ribbon_gradient_lowpoly", "group": "ribbon", "select_dlg": ["很抽象的色系..."]}, "giftname": "lowpolygradientribbon"}