{"__author": "anonymioo", "version": 3, "type": 0, "name": "anonymioo_ribbon_striped_blueandwhite", "img_sit": "anonymioo_ribbon_striped_blueandwhite", "pose_map": {"default": "0", "l_default": "5"}, "rec_layer": 3, "acs_type": "ribbon", "stay_on_start": true, "dlg_desc": "青糖白桃丝带", "dlg_plural": false, "ex_props": {"ribbon-multicolor": true, "striped": true}, "select_info": {"display_name": "丝带 (青糖白桃)", "thumb": "anonymioo_ribbon_striped_blueandwhite", "group": "ribbon", "select_dlg": ["海滨边上的碧海蓝天!"]}, "giftname": "blueandwhitestripedribbon"}