{
    "__author": "briaryoung",
    "version": 3,
    "type": 2,
    "name": "briaryoung_bralette_red_ruffles",
    "img_sit": "briaryoung_bralette_red_ruffles",
    "pose_map": {
        "mpm_type": 0,
        "default": true,
        "use_reg_for_l": true
    },
    "stay_on_start": true,
    "ex_props": {
        "bare-shoulders": true
    },
    "select_info": {
        "display_name": "抹胸(红色褶边)",
        "thumb": "briaryoung_bralette_red_ruffles",
        "group": "clothes",
        "select_dlg": [
            "我看起来怎样?",
            "令人惊叹~",
            "你在看哪里呢?"
        ]
    },
    "giftname": "braletteredruffles",
    "pose_arms": {}
}
