{"__author": "briaryoung", "version": 3, "type": 2, "name": "briaryoung_vcut_crossed_straps_tanktop_white", "img_sit": "briaryoung_vcut_crossed_straps_tanktop_white", "pose_map": {"mpm_type": 0, "default": true, "use_reg_for_l": true}, "stay_on_start": true, "ex_props": {"bare-shoulders": true}, "select_info": {"display_name": "V形交叉吊带背心 (白色)", "thumb": "briaryoung_vcut_crossed_straps_tanktop_white", "group": "clothes", "select_dlg": ["我看起来怎么样?", "非常适合夏天."]}, "giftname": "vcutcrossedstrapstanktopwhite", "pose_arms": {}}