{
    "__author": "Briar Young",
    "version": 3,
    "type": 0,
    "name": "briaryoung_choker_ribbon_red",
    "img_sit": "briaryoung_choker_ribbon_red",
    "pose_map": {
        "default": "0",
        "l_default": "5"
    },
    "rec_layer": 8,
    "acs_type": "choker",
    "stay_on_start": true,
    "priority": 10,
    "dlg_desc": "choker",
    "dlg_plural": false,
    "select_info": {
        "display_name": "项圈(红色)",
        "thumb": "briaryoung_choker_ribbon_red",
        "group": "choker",
        "select_dlg": [
            "和我校服上的是同一个系法~"
        ]
    },
    "giftname": "chokerribbonred",
    "arm_split": {
        "default": "0",
        "use_reg_for_l": true
    }
}
