{"__author": "briaryoung", "version": 3, "type": 0, "name": "briaryoung_mini_ribbon_pale_green", "img_sit": "briaryoung_mini_ribbon_pale_green", "pose_map": {"default": "0", "l_default": "5"}, "rec_layer": 3, "acs_type": "mini-ribbon", "stay_on_start": true, "dlg_desc": "浅绿色丝带", "dlg_plural": false, "select_info": {"display_name": "小丝带 (浅绿色)", "thumb": "briaryoung_mini_ribbon_pale_green", "group": "ribbon", "select_dlg": ["我一直是绿色的忠实粉丝!"]}, "giftname": "minipalegreenribbon"}