{
    "__author": "Briar Young",
    "version": 3,
    "type": 0,
    "name": "briaryoung_choker_spiked_star",
    "img_sit": "briaryoung_choker_spiked_star",
    "pose_map": {
        "default": "0",
        "l_default": "5"
    },
    "rec_layer": 8,
    "acs_type": "choker",
    "stay_on_start": true,
    "priority": 15,
    "dlg_desc": "choker",
    "dlg_plural": false,
    "select_info": {
        "display_name": "项圈(黑红色尖刺)",
        "thumb": "briaryoung_choker_spiked_star",
        "group": "choker"
    },
    "giftname": "chokerspikedstar",
    "arm_split": {
        "default": "0",
        "use_reg_for_l": true
    }
}
