{"__author": "Finale", "version": 3, "type": 2, "name": "finale_shirt_resthere", "img_sit": "finale_shirt_resthere", "pose_map": {"mpm_type": 0, "default": false, "use_reg_for_l": true, "p1": true, "p2": true, "p3": true, "p4": true, "p5": true, "p6": true, "p7": true}, "stay_on_start": true, "select_info": {"display_name": "衬衫 (在此停歇)", "thumb": "finale_shirt_resthere", "group": "clothes", "select_dlg": ["好选择, [player]! 这件真舒服~", "我等不及让你能在这里休息了~"]}, "giftname": "resthereshirt", "pose_arms": {"crossed": {"tag": "crossed", "layers": "5"}, "left-down": {"tag": "down", "layers": "0"}, "left-rest": {"tag": "rest", "layers": "10"}, "right-down": {"tag": "down", "layers": "0"}, "right-point": {"tag": "point", "layers": "0"}, "right-restpoint": {"tag": "restpoint", "layers": "10"}, "steepling": {"tag": "steepling", "layers": "10"}, "def|left-def": {"tag": "def", "layers": "10"}, "def|right-def": {"tag": "def", "layers": "5"}}}