{"__author": "JMO", "version": 3, "type": 0, "name": "jmo_hairclip_musicnote", "img_sit": "jmo_hairclip_musicnote", "pose_map": {"default": "0", "l_default": "5"}, "rec_layer": 5, "acs_type": "left-hair-clip", "mux_type": ["left-hair-clip"], "stay_on_start": true, "ex_props": {"left-hair-strand-eye-level": true}, "select_info": {"display_name": "发卡 (八分音符)", "thumb": "jmo_hairclip_musicnote", "group": "left-hair-clip", "hover_dlg": ["{i}每一天~{/i}"], "select_dlg": ["我喜欢这个发卡.", "这个发卡很可爱!", "可爱!"]}, "giftname": "musicnotehairclip"}