{"__author": "LanvalLime", "version": 3, "type": 0, "name": "lanvallime_ribbon_coffee", "img_sit": "lanvallime_ribbon_coffee", "pose_map": {"default": "0", "l_default": "5"}, "rec_layer": 3, "acs_type": "ribbon", "mux_type": ["ribbon"], "stay_on_start": true, "select_info": {"display_name": "丝带 (咖啡色)", "thumb": "lanvallime_ribbon_coffee", "group": "ribbon", "hover_dlg": ["我很喜欢这个颜色的某样东西..."], "select_dlg": ["就像我的咖啡一样~"]}, "giftname": "coffeeribbon"}