{"__author": "LanvalLime", "version": 3, "type": 0, "name": "lanvallime_ribbon_navy_blue", "img_sit": "lanvallime_ribbon_navy_blue", "pose_map": {"default": "0", "l_default": "5"}, "rec_layer": 3, "acs_type": "ribbon", "mux_type": ["ribbon"], "stay_on_start": true, "select_info": {"display_name": "丝带 (海军蓝)", "thumb": "lanvallime_ribbon_navy_blue", "group": "ribbon", "hover_dlg": ["你喜欢水吗, [player]?"], "select_dlg": ["你总是让我的心波涛荡漾~"]}, "giftname": "navyblueribbon"}