{"__author": "LanvalLime", "version": 3, "type": 0, "name": "lanvallime_ribbon_royal_purple", "img_sit": "lanvallime_ribbon_royal_purple", "pose_map": {"default": "0", "l_default": "5"}, "rec_layer": 3, "acs_type": "ribbon", "mux_type": ["ribbon"], "stay_on_start": true, "select_info": {"display_name": "丝带 (蓝紫色)", "thumb": "lanvallime_ribbon_royal_purple", "group": "ribbon", "hover_dlg": ["我可以借用一下你的笔吗?"], "select_dlg": ["想一起读些书吗?"]}, "giftname": "royalpurpleribbon"}