{"__author": "LanvalLime", "version": 3, "type": 0, "name": "lanvallime_ribbon_orange", "img_sit": "lanvallime_ribbon_orange", "pose_map": {"default": "0", "l_default": "5"}, "rec_layer": 3, "acs_type": "ribbon", "mux_type": ["ribbon"], "stay_on_start": true, "select_info": {"display_name": "丝带 (桔色)", "thumb": "lanvallime_ribbon_orange", "group": "ribbon", "hover_dlg": ["美丽的秋之色!"], "select_dlg": ["我能想象我们在干草车上以为在一起的场景~"]}, "giftname": "orangeribbon"}