{"__author": "LanvalLime", "version": 3, "type": 0, "name": "lanvallime_ribbon_lime_green", "img_sit": "lanvallime_ribbon_lime_green", "pose_map": {"default": "0", "l_default": "5"}, "rec_layer": 3, "acs_type": "ribbon", "mux_type": ["ribbon"], "stay_on_start": true, "select_info": {"display_name": "丝带 (酸橙绿)", "thumb": "lanvallime_ribbon_lime_green", "group": "ribbon", "hover_dlg": ["让我想起了我很喜欢的一种鸟!"], "select_dlg": ["好棒的选择，你知道我很喜欢绿色的!"]}, "giftname": "limegreenribbon"}