{
    "__author": "MayJay",
    "ex_props": {
        "compat-downtiedstrand": true,
        "home": true,
        "date": true
    },
    "version": 3,
    "type": 2,
    "name": "mayjay_pink_kimono",
    "img_sit": "mayjay_pink_kimono",
    "pose_map": {
        "mpm_type": 0,
        "default": false,
        "use_reg_for_l": true,
        "p1": true,
        "p2": true,
        "p3": true,
        "p4": true,
        "p5": true,
        "p6": true,
        "p7": true
    },
    "stay_on_start": true,
    "select_info": {
        "display_name": "和服(粉色)",
        "thumb": "mayjay_pink_kimono",
        "group": "clothes",
        "select_dlg": [
            "好漂亮的和服~",
            "穿着这件衣服参加什么节日的集会想必很棒！"
        ]
    },
    "giftname": "pinkkimono",
    "pose_arms": {
        "crossed": {
            "tag": "crossed",
            "layers": "5"
        },
        "left-down": {
            "tag": "down",
            "layers": "0"
        },
        "left-rest": {
            "tag": "rest",
            "layers": "10"
        },
        "right-down": {
            "tag": "down",
            "layers": "0"
        },
        "right-point": {
            "tag": "point",
            "layers": "0"
        },
        "right-restpoint": {
            "tag": "restpoint",
            "layers": "10"
        },
        "steepling": {
            "tag": "steepling",
            "layers": "10"
        },
        "def|left-def": {
            "tag": "def",
            "layers": "10"
        },
        "def|right-def": {
            "tag": "def",
            "layers": "5^10"
        }
    }
}
