{"__author": ["multimokia", "eroneko"], "ex_props": {"compat-downtiedstrand": true, "date": true, "dark bracelet": true, "formal": true}, "giftname": "wineasymmetricalpullover", "img_sit": "multimokia_wine_asymmetrical_pullover", "name": "multimokia_wine_asymmetrical_pullover", "pose_arms": {"crossed": {"layers": "5^10", "tag": "crossed"}, "def|left-def": {"layers": "10", "tag": "def"}, "def|right-def": {"layers": "5^10", "tag": "def"}, "left-down": {"layers": "0", "tag": "down"}, "left-rest": {"layers": "10", "tag": "rest"}, "right-down": {"layers": "0", "tag": "down"}, "right-point": {"layers": "0", "tag": "point"}, "right-restpoint": {"layers": "10", "tag": "restpoint"}, "steepling": {"layers": "10", "tag": "steepling"}}, "pose_map": {"default": false, "mpm_type": 0, "p1": true, "p2": true, "p3": true, "p4": true, "p5": true, "p6": true, "p7": true, "use_reg_for_l": true}, "select_info": {"display_name": "偏套衫(酒红色)", "group": "clothes", "select_dlg": ["我看起来怎么样, [player]?", "还不错, 对吧?", "不错的选择, [player]! 这件好舒服~"], "thumb": "multimokia_wine_asymmetrical_pullover"}, "stay_on_start": true, "type": 2, "version": 3}