{"__author": "Orcaramelo", "version": 3, "type": 0, "name": "orcaramelo_twinribbon_yellow", "img_sit": "orcaramelo_twinribbon_yellow", "pose_map": {"default": "0", "l_default": "5"}, "rec_layer": 3, "acs_type": "twin-ribbons", "stay_on_start": true, "dlg_desc": "黄色双丝带", "dlg_plural": true, "select_info": {"display_name": "双丝带 (黄色)", "thumb": "orcaramelo_twinribbon_yellow", "group": "ribbon", "select_dlg": ["好看又阳光!", "看起来很棒，你不觉得吗?"]}, "giftname": "yellowtwinribbon"}