{"__author": "Orcaramelo", "version": 3, "type": 2, "name": "orcaramelo_sakuya_izayoi", "img_sit": "orcaramelo_sakuya_izayoi", "pose_map": {"mpm_type": 0, "p1": true, "p2": true, "p3": true, "p4": true, "p5": true, "p6": true, "p7": true}, "stay_on_start": true, "ex_props": {"desired-hair-prop": "braidstrand", "costume": "o31", "cosplay": true}, "select_info": {"display_name": "十六夜咲夜", "thumb": "orcaramelo_sakuya_izayoi", "group": "clothes", "select_dlg": ["当我和你在一起时，时间便为你静止~", "请允许我热情款待你.", "要来杯茶吗, [player]?"]}, "giftname": "sakuyaizayoicosplay", "pose_arms": {"crossed": {"tag": "crossed", "layers": "5"}, "left-down": {"tag": "down", "layers": "0"}, "left-rest": {"tag": "rest", "layers": "10"}, "right-down": {"tag": "down", "layers": "0"}, "right-point": {"tag": "point", "layers": "0"}, "right-restpoint": {"tag": "restpoint", "layers": "10"}, "steepling": {"tag": "steepling", "layers": "10"}, "def|left-def": {"tag": "def", "layers": "10"}, "def|right-def": {"tag": "def", "layers": "5"}}}