{"__author": "Orcaramelo", "version": 3, "type": 0, "name": "orcaramelo_twinribbon_blue", "img_sit": "orcaramelo_twinribbon_blue", "pose_map": {"default": "0", "l_default": "5"}, "rec_layer": 3, "acs_type": "twin-ribbons", "stay_on_start": true, "dlg_desc": "蓝色双丝带", "dlg_plural": true, "select_info": {"display_name": "双丝带 (蓝色)", "thumb": "orcaramelo_twinribbon_blue", "group": "ribbon", "select_dlg": ["好选择, [player]!", "我喜欢这个颜色!"]}, "giftname": "bluetwinribbon"}