{"__author": "Orcaramelo", "version": 3, "type": 0, "name": "orcaramelo_twinribbon_pink", "img_sit": "orcaramelo_twinribbon_pink", "pose_map": {"default": "0", "l_default": "5"}, "rec_layer": 3, "acs_type": "twin-ribbons", "stay_on_start": true, "dlg_desc": "粉色双丝带", "dlg_plural": true, "select_info": {"display_name": "双丝带 (粉色)", "thumb": "orcaramelo_twinribbon_pink", "group": "ribbon", "select_dlg": ["我戴粉色很好看, 是吧?", "我爱这个颜色, [player]."]}, "giftname": "pinktwinribbon"}