{"__author": "Orcaramelo", "version": 3, "type": 0, "name": "orcaramelo_twinribbon_green", "img_sit": "orcaramelo_twinribbon_green", "pose_map": {"default": "0", "l_default": "5"}, "rec_layer": 3, "acs_type": "twin-ribbons", "stay_on_start": true, "dlg_desc": "绿色双丝带", "dlg_plural": true, "select_info": {"display_name": "双丝带 (绿色)", "thumb": "orcaramelo_twinribbon_green", "group": "ribbon", "select_dlg": ["欸嘿嘿，我最喜欢的颜色~", "好选择, [player]~"]}, "giftname": "greentwinribbon"}