{
    "__author": "retroadamshow",
    "version": 3,
    "type": 0,
    "name": "retro_ribbon_purple",
    "img_sit": "retro_ribbon_purple",
    "pose_map": {
        "default": "0",
        "l_default": "5"
    },
    "rec_layer": 3,
    "acs_type": "ribbon",
    "stay_on_start": true,
    "giftname": "8purpleribbon",
    "dlg_desc": "8-bit purple ribbon",
    "dlg_plural": false,
    "select_info": {
        "display_name": "发带(8-bit紫)",
        "thumb": "retro_ribbon_purple",
        "group": "ribbon",
        "select_dlg": [
            "复古风的颜色！"
        ]
    }
}
